{
  "seeds": [
    42,
    1,
    7,
    2,
    3
  ],
  "full": {
    "CB513_Q3": [
      87.66,
      86.28,
      87.1,
      86.93,
      87.04
    ],
    "CB513_Q8": [
      77.6,
      75.12,
      76.86,
      76.36,
      76.84
    ],
    "CB513_SOV": [
      85.09,
      83.82,
      84.42,
      84.04,
      83.89
    ]
  },
  "profile": {
    "CB513_Q3": [
      85.49,
      84.6,
      83.42,
      84.15,
      84.08
    ],
    "CB513_Q8": [
      74.28,
      73.54,
      71.04,
      72.07,
      72.74
    ],
    "CB513_SOV": [
      82.21,
      81.31,
      80.64,
      81.78,
      80.59
    ]
  },
  "summary": {
    "CB513_Q3": {
      "full_mean": 87.002,
      "full_sd": 0.4925647165601674,
      "prof_mean": 84.34799999999998,
      "prof_sd": 0.7648333151739635,
      "delta": 2.654000000000002,
      "p": 0.001493117597232134,
      "dz": 3.4661581867481632
    },
    "CB513_Q8": {
      "full_mean": 76.556,
      "full_sd": 0.9169950926804321,
      "prof_mean": 72.73400000000001,
      "prof_sd": 1.259992063467068,
      "delta": 3.822,
      "p": 0.005237756099951656,
      "dz": 2.4713571659178064
    },
    "CB513_SOV": {
      "full_mean": 84.252,
      "full_sd": 0.5227523314151763,
      "prof_mean": 81.306,
      "prof_sd": 0.7067743628627146,
      "delta": 2.9460000000000006,
      "p": 0.0004156843719944818,
      "dz": 4.8335367403227165
    }
  }
}